id;idem_key;request_hash;response_code;response_body;created_at;expires_at;user_id
1;convalesce farmer;worthy which;26356;../fake-data/blob/hipster.txt;2026-09-30T13:25:07;2026-10-01T08:23:35;1
2;whereas;hole;13442;../fake-data/blob/hipster.txt;2026-09-30T18:32:51;2026-09-30T20:17:22;2
3;pity though;quietly unless while;4950;../fake-data/blob/hipster.txt;2026-09-30T17:08:15;2026-09-30T22:04:57;2
4;meanwhile and;gee inasmuch obscure;14596;../fake-data/blob/hipster.txt;2026-09-30T17:46:50;2026-10-01T04:56:39;1
5;gadzooks warmly;provided bore till;22703;../fake-data/blob/hipster.txt;2026-10-01T01:45:33;2026-09-30T16:08:27;2
6;simplistic whose;fair gum;27789;../fake-data/blob/hipster.txt;2026-09-30T14:08:02;2026-09-30T19:53:38;1
7;wallop aside which;via rust vision;17807;../fake-data/blob/hipster.txt;2026-09-30T16:31:10;2026-09-30T22:34:40;1
8;glimmer thankfully;foretell necklace;10100;../fake-data/blob/hipster.txt;2026-10-01T08:53:57;2026-10-01T02:31:31;2
9;owlishly synthesise smooth;diligently throughout book;30013;../fake-data/blob/hipster.txt;2026-09-30T18:32:35;2026-10-01T00:14:53;2
10;cute into jubilantly;minor;6241;../fake-data/blob/hipster.txt;2026-09-30T21:20:11;2026-09-30T22:30:44;1
