id;config_key;config_value;description;updated_by;updated_at
1;who;../fake-data/blob/hipster.txt;than;on mmm;2026-09-30T12:07:35
2;before without bleakly;../fake-data/blob/hipster.txt;vanish arrange lampoon;coliseum persecute;2026-10-01T07:43:52
3;psst multicolored substantial;../fake-data/blob/hipster.txt;typify alert snarling;against;2026-10-01T02:36:07
4;rewarding;../fake-data/blob/hipster.txt;right limply hose;bump until abaft;2026-09-30T18:27:31
5;ape what;../fake-data/blob/hipster.txt;absent sociable;pillory dowse rigidly;2026-10-01T04:16:37
6;offensively heavily;../fake-data/blob/hipster.txt;fax yippee geez;stage;2026-09-30T10:04:27
7;wordy machine utterly;../fake-data/blob/hipster.txt;diagram even;hungrily bell off;2026-09-30T14:59:41
8;wildly nun;../fake-data/blob/hipster.txt;harvest cumbersome;bewail sauerkraut;2026-09-30T21:10:44
9;cuddly bravely;../fake-data/blob/hipster.txt;unsightly symbolise;past;2026-09-30T14:43:21
10;yuck why t-shirt;../fake-data/blob/hipster.txt;beneath;wholly;2026-10-01T04:31:30
