id;actor;action;entity_type;entity_id;old_value;new_value;ip_address;created_at
1;solder yahoo;unhappy;till along but;times;../fake-data/blob/hipster.txt;../fake-data/blob/hipster.txt;uh-huh;2026-09-30T10:45:52
2;lock;knit from knotty;brightly;yet;../fake-data/blob/hipster.txt;../fake-data/blob/hipster.txt;separately um ugh;2026-10-01T01:54:02
3;instead convalesce when;stealthily;down;wasabi kit phooey;../fake-data/blob/hipster.txt;../fake-data/blob/hipster.txt;obediently until desk;2026-10-01T00:35:15
4;yum actually deck;vet qua ugh;grimy;wallaby;../fake-data/blob/hipster.txt;../fake-data/blob/hipster.txt;well-documented realistic;2026-10-01T08:25:10
5;disgorge till whenever;than excitedly;repeatedly furthermore;outside boohoo;../fake-data/blob/hipster.txt;../fake-data/blob/hipster.txt;roughly weary;2026-09-30T11:35:21
6;stealthily;forenenst;jungle;or given;../fake-data/blob/hipster.txt;../fake-data/blob/hipster.txt;wearily minus;2026-09-30T17:46:55
7;hippodrome pretty um;save round wholly;proofread unless if;jazz blue;../fake-data/blob/hipster.txt;../fake-data/blob/hipster.txt;unaccountably;2026-10-01T08:12:11
8;lava times;extract abseil;geez sunbathe ew;readies submissive;../fake-data/blob/hipster.txt;../fake-data/blob/hipster.txt;scarcely cleave oh;2026-10-01T08:26:39
9;mean wherever;for broadly;violin deform;headline hence through;../fake-data/blob/hipster.txt;../fake-data/blob/hipster.txt;cemetery barring phooey;2026-09-30T11:19:51
10;elastic pastel;wry ah hm;quizzically cannibalise;marketplace amazing tame;../fake-data/blob/hipster.txt;../fake-data/blob/hipster.txt;rim ugh;2026-09-30T21:06:24
