id;title;image_url;deep_link;placement;sort_order;starts_at;ends_at;active
1;formamide toothpick after;shanghai spectate phew;marketplace except;HOME_TOP;27317;2026-09-30T22:30:58;2026-09-30T13:38:31;false
2;stake;even if;aha;HOME_TOP;17436;2026-10-01T04:11:19;2026-09-30T14:33:43;false
3;atop knottily duh;vice;than rule onto;HOME_TOP;25140;2026-09-30T14:28:17;2026-09-30T11:48:33;true
4;amazing;obnoxiously haze;making helpless embarrassment;HOME_MID;31060;2026-10-01T07:26:39;2026-10-01T04:07:19;true
5;republican;neglected aching;within;CATEGORY;12548;2026-09-30T22:38:37;2026-09-30T21:11:03;false
6;tiny minus;since unlike;ha international;HOME_TOP;3177;2026-10-01T07:24:58;2026-09-30T16:38:12;true
7;hmph;after prudent;likewise immediately;CATEGORY;12368;2026-10-01T09:05:21;2026-09-30T20:34:01;true
8;hm ripe hmph;log alb meh;wherever;HOME_TOP;22298;2026-09-30T16:21:12;2026-09-30T15:25:54;false
9;athwart;inasmuch intensely airman;hunt publicize provided;HOME_MID;26515;2026-09-30T13:38:58;2026-10-01T04:56:15;true
10;down;content;grouchy gnaw;HOME_MID;10551;2026-10-01T05:13:16;2026-09-30T09:29:00;true
