id;old_start;old_end;new_start;new_end;requested_by;reason;fee_charged;created_at;booking_id
1;2026-10-01T05:25:42;2026-10-01T04:17:49;2026-10-01T06:32:00;2026-10-01T04:45:44;ADMIN;braid;12295.98;2026-09-30T14:26:49;1
2;2026-09-30T15:18:32;2026-09-30T22:28:53;2026-09-30T22:29:28;2026-09-30T10:39:44;PRO;dimly squid dutiful;4411.15;2026-09-30T14:12:11;2
3;2026-09-30T16:34:45;2026-10-01T05:30:35;2026-09-30T11:54:39;2026-10-01T06:48:12;PRO;upset;10710.41;2026-09-30T20:20:07;3
4;2026-09-30T15:32:36;2026-09-30T21:50:32;2026-09-30T22:40:53;2026-09-30T15:14:40;SYSTEM;accomplished as;3547.23;2026-09-30T23:22:49;4
5;2026-09-30T15:06:10;2026-10-01T07:15:25;2026-10-01T02:51:39;2026-09-30T18:39:44;SYSTEM;narrow;28005.06;2026-10-01T00:16:56;5
6;2026-09-30T16:11:46;2026-10-01T08:09:46;2026-10-01T02:16:44;2026-09-30T20:18:10;CUSTOMER;before e-mail around;31296.42;2026-10-01T06:13:14;6
7;2026-10-01T07:28:27;2026-10-01T00:27:42;2026-10-01T08:41:34;2026-09-30T18:00:32;CUSTOMER;velocity;4292.39;2026-10-01T08:39:53;7
8;2026-09-30T11:42:26;2026-09-30T10:18:16;2026-09-30T15:51:29;2026-09-30T09:25:41;ADMIN;sophisticated;24168.53;2026-10-01T08:25:35;8
9;2026-10-01T05:44:13;2026-09-30T21:47:55;2026-09-30T17:59:19;2026-09-30T22:28:13;ADMIN;after helplessly;26867.1;2026-10-01T01:24:46;9
10;2026-10-01T03:41:11;2026-10-01T03:27:46;2026-09-30T13:18:51;2026-10-01T00:42:49;PRO;than upon tennis;25403.99;2026-10-01T00:41:02;10
