id;item_type;description;unit_price;quantity;line_total;quote_id
1;LABOUR;intent;704.94;31355.49;16557.8;1
2;MATERIAL;gym;28566.02;8644.03;12556.5;2
3;MATERIAL;unimpressively toward gum;4010.58;14738.17;7464.21;3
4;PART;unlike;19963.18;1338.42;7190.16;4
5;MATERIAL;dissemble;17145.92;6267.18;4370.59;5
6;LABOUR;under frenetically whether;26600.46;17524.12;13870.71;6
7;MATERIAL;hence legal;22896.78;16208.38;21033.3;7
8;PART;if yum;8316.04;8585.85;5255.83;8
9;LABOUR;excepting save finally;28945.54;202.12;7364.14;9
10;PART;yuck;18658.06;295.73;13931.3;10
