id;booking_no;public_id;service_title;address_snapshot;scheduled_start;scheduled_end;status;payment_status;payment_mode;currency;subtotal;addon_total;discount_amount;service_fee;tax_amount;tip_amount;total_amount;customer_notes;start_otp;cancelled_by;cancel_reason;source;wallet_amount_used;loyalty_points_used;cancellation_fee;reschedule_count;platform_commission;pro_earning;arrival_eta;priority;started_at;completed_at;cancelled_at;created_at;updated_at;customer_id;service_id;city_id
1;modulo when zesty;decfca14-b566-4eb9-81f7-dcba11469c25;yowza actually shocked;../fake-data/blob/hipster.txt;2026-10-01T02:52:18;2026-10-01T04:35:43;IN_PROGRESS;PENDING;ONLINE;aga;10517.18;8150.81;20933;9820.66;1013.45;15029.44;31699.29;er contractor;immedi;PRO;volleyball fake ugh;SUBSCRIPTION;24769.9;9056;19631.38;12700;21212.83;9830.29;2026-10-01T05:03:58;false;2026-09-30T13:12:56;2026-09-30T14:46:57;2026-09-30T09:55:14;2026-10-01T05:37:25;2026-09-30T13:13:45;1;1;1
2;grubby above;cdc2e129-9c23-4c18-8ac7-53343254cd52;proceed;../fake-data/blob/hipster.txt;2026-09-30T16:35:19;2026-10-01T05:24:42;PENDING_ASSIGNMENT;REFUNDED;CASH;nor;16207.46;7924.23;6811.55;13803.64;13737.83;26150.37;21677.53;pale wasabi secondary;quicke;PRO;merge;APP;20368.02;2168;28448.77;20821;167.09;25082.74;2026-09-30T21:13:42;true;2026-10-01T04:40:58;2026-10-01T00:27:46;2026-09-30T19:07:53;2026-09-30T20:31:25;2026-09-30T12:48:28;2;2;2
3;rally fortunately li;74b8857f-d623-4024-9ccb-5eb4dd0b9e81;aha;../fake-data/blob/hipster.txt;2026-09-30T11:43:55;2026-09-30T22:11:16;CANCELLED;PAID;ONLINE;meh;18619.22;10493.89;17378.68;27550.31;22917.51;11885.75;23.19;unbearably what;circa;CUSTOMER;kooky;SUBSCRIPTION;11309.82;482;2257.9;21704;30865.03;23159.03;2026-09-30T16:31:51;false;2026-09-30T10:30:47;2026-09-30T20:39:47;2026-09-30T21:23:08;2026-09-30T15:54:35;2026-09-30T20:12:48;1;3;3
4;round league ick;0a2d0293-87ed-4e23-8a27-b404bb181659;seriously;../fake-data/blob/hipster.txt;2026-10-01T02:06:12;2026-09-30T14:52:19;FAILED;PAID;ONLINE;dis;20927.34;12300.65;7689.35;20900.16;9650.7;9991.07;12772.49;clean collaborate supposing;step l;CUSTOMER;excepting;APP;29675.78;7127;894.34;11279;4304.5;1336.56;2026-09-30T17:32:06;true;2026-10-01T00:06:23;2026-10-01T00:11:59;2026-09-30T10:27:17;2026-10-01T04:49:47;2026-09-30T17:11:51;2;4;4
5;satirise whoever a;7d400865-bb76-4cbc-b184-1e5a83753518;never loftily nor;../fake-data/blob/hipster.txt;2026-09-30T09:53:29;2026-09-30T12:29:38;NO_SHOW;AUTHORIZED;CASH;apo;19883.92;25629.77;20880.58;19937.37;12452.11;12868.88;6850.09;knottily ugh which;gadzoo;PRO;diligently despite blah;APP;10500;31918;26198.28;16995;20119.9;6155.48;2026-10-01T04:48:37;false;2026-10-01T05:44:33;2026-10-01T07:53:58;2026-09-30T13:32:53;2026-09-30T21:47:51;2026-10-01T07:56:10;1;5;5
6;plumber reschedule f;6feab2cf-7c0e-4b32-a6b0-160d575fc5c2;relieve seemingly;../fake-data/blob/hipster.txt;2026-09-30T10:46:10;2026-10-01T01:40:59;COMPLETED;PENDING;CASH;tow;16106.32;10388.3;24775.68;928.07;2879.22;17226.06;19393.77;eek dependency;nippy;PRO;pendant denitrify;ADMIN;21911.87;25550;11141.67;16160;9136.64;4881.97;2026-10-01T07:46:37;false;2026-10-01T01:00:48;2026-09-30T17:10:11;2026-10-01T03:17:39;2026-09-30T16:48:53;2026-09-30T22:09:29;2;6;6
7;shell eek firsthand;d5ab2419-7801-45a9-9b9d-5846ae3b61b8;since;../fake-data/blob/hipster.txt;2026-10-01T01:17:23;2026-09-30T10:05:41;FAILED;PENDING;ONLINE;wit;1764.14;8643.82;24448.03;3155.5;19744.72;29311.85;9297.7;hm than um;wherea;SYSTEM;acidly total;ADMIN;17891.2;9228;32290.55;11411;7158.82;25250.17;2026-10-01T07:54:39;true;2026-09-30T09:54:26;2026-10-01T01:03:34;2026-10-01T00:41:23;2026-10-01T09:07:21;2026-09-30T21:54:24;1;7;7
8;ah vengeful mom;ae5092fb-a7d6-4701-b134-0309a568956e;however wear upsell;../fake-data/blob/hipster.txt;2026-10-01T06:46:39;2026-09-30T11:27:19;PRO_ARRIVED;REFUNDED;CASH;as ;14840.97;14823.54;2490.02;14501.47;28757.51;19777.53;17034.2;bug satirise incidentally;whoeve;ADMIN;thrifty thorn gadzooks;ADMIN;11539.12;9808;6818.31;31155;23991.72;15816.55;2026-10-01T07:35:33;true;2026-09-30T19:43:04;2026-10-01T07:53:21;2026-10-01T04:57:53;2026-09-30T11:39:44;2026-09-30T13:17:05;2;8;8
9;fooey;c1d8f906-764d-4d49-afad-0915fe751cb7;sting fumigate;../fake-data/blob/hipster.txt;2026-09-30T18:36:54;2026-10-01T03:56:47;CANCELLED;REFUNDED;ONLINE;aft;5215.69;32310.71;21271.41;28889.19;749.28;3178.14;8501.33;up darn;best-s;ADMIN;yet;SUBSCRIPTION;23506.08;22350;10085.65;14853;5928.98;28042.49;2026-09-30T09:50:26;true;2026-10-01T05:47:17;2026-09-30T09:53:31;2026-10-01T05:27:57;2026-10-01T00:34:01;2026-09-30T23:35:31;1;9;9
10;round chilly;5a42066d-115e-4a88-b973-7b4a7fe8254f;by uh-huh that;../fake-data/blob/hipster.txt;2026-09-30T15:11:36;2026-10-01T04:59:11;CANCELLED;FAILED;ONLINE;des;8942.58;17313.92;22544.33;10194.38;8557.43;692.86;20095.81;pish;ouch;ADMIN;joyous cardboard;APP;11609.86;24944;606.09;22715;10744.2;26927.97;2026-10-01T06:27:37;false;2026-09-30T23:26:38;2026-10-01T07:44:54;2026-09-30T17:07:36;2026-09-30T12:51:41;2026-09-30T15:16:15;2;10;10
