id;status;total_amount;notes;valid_until;responded_at;created_at;professional_id;booking_id
1;ACCEPTED;19108.18;minus;2026-09-30T16:21:02;2026-10-01T08:07:24;2026-10-01T00:50:26;1;1
2;PROPOSED;13348.99;controvert oh sans;2026-10-01T06:51:01;2026-10-01T03:17:19;2026-09-30T10:19:16;2;2
3;PROPOSED;27170.15;while redress ugh;2026-10-01T06:23:28;2026-09-30T20:58:56;2026-09-30T21:27:23;1;3
4;EXPIRED;13666.89;overload;2026-09-30T16:49:11;2026-09-30T11:23:37;2026-09-30T22:10:41;1;4
5;EXPIRED;3306.74;cultivated giggle down;2026-10-01T03:09:24;2026-10-01T00:06:18;2026-10-01T01:18:52;2;5
6;REJECTED;23227.43;how gladly doing;2026-09-30T10:50:24;2026-10-01T07:38:00;2026-09-30T19:51:49;1;6
7;PROPOSED;19224.15;seriously repeatedly;2026-10-01T03:09:08;2026-09-30T21:40:58;2026-10-01T01:04:13;1;7
8;EXPIRED;20418.97;energetically drat schematise;2026-09-30T15:23:01;2026-10-01T05:18:19;2026-10-01T02:55:47;2;8
9;EXPIRED;27575.3;permafrost conservation inasmuch;2026-09-30T21:21:53;2026-09-30T13:26:27;2026-09-30T17:06:40;1;9
10;REJECTED;22481.3;canter feline;2026-10-01T04:32:18;2026-10-01T04:52:58;2026-09-30T22:02:57;2;10
