id;body;media_url;flagged;created_at;read_at;sender_id;thread_id
1;starch;upwardly recompense beautifully;false;2026-09-30T21:04:08;2026-09-30T21:56:08;1;1
2;till;ack profuse even;true;2026-10-01T05:23:02;2026-10-01T08:34:49;2;2
3;toady helpfully;impanel;false;2026-09-30T15:42:06;2026-10-01T03:19:12;1;3
4;famously;unless actual ack;true;2026-10-01T08:29:44;2026-10-01T01:46:22;1;4
5;yak;um depute;true;2026-09-30T19:15:52;2026-09-30T17:58:22;2;5
6;reproachfully;indeed er eek;true;2026-09-30T16:57:41;2026-09-30T23:35:51;2;6
7;beneficial;regarding flawless;true;2026-09-30T10:05:52;2026-09-30T13:13:26;1;7
8;thoughtfully bakeware;than blind badly;false;2026-10-01T06:20:44;2026-09-30T13:58:08;1;8
9;cheerfully since because;provided summer underplay;true;2026-09-30T23:57:16;2026-09-30T11:04:24;2;9
10;requite above exactly;wherever honored;true;2026-10-01T07:51:44;2026-10-01T00:44:02;1;10
