id;price;surge_multiplier;valid_from;valid_to;service_package_id;city_id
1;7329.4;7383.86;2026-10-01T05:32:12;2026-09-30T22:18:02;1;1
2;3217.54;30177.04;2026-10-01T08:51:19;2026-09-30T16:02:28;2;2
3;5265.7;28872.18;2026-09-30T09:20:13;2026-09-30T13:20:55;3;3
4;27634.99;32090.6;2026-09-30T17:25:06;2026-09-30T23:57:50;4;4
5;30413.24;2596.27;2026-09-30T13:04:32;2026-09-30T20:28:51;5;5
6;30872.01;21628.86;2026-09-30T22:11:51;2026-10-01T01:30:41;6;6
7;13471.19;17047.81;2026-09-30T12:33:27;2026-09-30T17:08:18;7;7
8;7616.09;31561.62;2026-10-01T00:21:59;2026-09-30T09:46:26;8;8
9;8548.97;13462.13;2026-10-01T05:03:00;2026-09-30T10:25:42;9;9
10;24423.58;18385.55;2026-09-30T15:01:23;2026-09-30T14:59:16;10;10
