id;platform;token;active;created_at;user_id
1;IOS;although;true;2026-09-30T22:16:35;1
2;WEB;next minus far-flung;true;2026-10-01T04:40:36;2
3;IOS;boohoo wash that;true;2026-09-30T16:19:56;2
4;WEB;wherever by;false;2026-10-01T00:33:25;2
5;IOS;meh;false;2026-09-30T15:29:06;2
6;ANDROID;best;false;2026-10-01T02:20:27;1
7;WEB;coolly enhance numb;true;2026-10-01T08:22:13;1
8;IOS;label as;false;2026-10-01T05:39:16;1
9;IOS;consequently;false;2026-09-30T14:43:17;2
10;IOS;satirise;true;2026-09-30T20:08:35;2
