id;code;title;slug;emoji;image_url;description;highlights;duration_minutes;warranty_days;sac_code;gst_percent;gender_specific;requires_visit_charge;popular;active;avg_rating;reviews_count;sort_order;created_at;updated_at;category_id
1;the lava every;apropos;although;dredger no;stir-fry numeric who;because cook;../fake-data/blob/hipster.txt;16159;17643;circa unab;7031.84;MALE;false;true;false;2.65;790;27027;2026-09-30T12:15:13;2026-09-30T18:19:31;1
2;dividend by;boldly;below hence;goat;overstay acidic gee;supposing sell evenly;../fake-data/blob/hipster.txt;30135;10645;who vision;20115.24;MALE;false;false;false;0.41;17786;29647;2026-09-30T13:34:30;2026-10-01T07:52:30;2
3;anti neatly;than supposing mobilise;word;suitcase m;smoggy furiously out;who;../fake-data/blob/hipster.txt;25295;30808;possession;2244.73;OTHER;true;false;true;4.9;7130;27565;2026-09-30T15:33:25;2026-09-30T19:55:04;3
4;next among spectacles;convection pixellate;thoughtfully;hospitaliz;colorfully carefully;why now er;../fake-data/blob/hipster.txt;7580;13366;fooey pile;2335.14;MALE;true;false;false;1.63;997;31389;2026-09-30T13:06:09;2026-09-30T13:57:47;4
5;breed;whereas worth;sore indeed form;abseil;now whose victorious;ew impressive round;../fake-data/blob/hipster.txt;4370;29093;giving out;17728.6;FEMALE;true;false;false;3.77;13155;8149;2026-10-01T02:56:03;2026-09-30T13:23:48;5
6;traduce kissingly;bob;yawningly lieu likewise;via calmly;ew;gosh eyeliner;../fake-data/blob/hipster.txt;22483;10937;nervously ;24318.4;FEMALE;true;false;false;1.62;889;4573;2026-10-01T01:06:41;2026-10-01T05:51:25;6
7;aside whether garage;tensely;proceed opposite;drat;near;putrefy;../fake-data/blob/hipster.txt;10499;22366;fill;9862.4;MALE;true;true;true;0.84;19120;11041;2026-09-30T18:52:32;2026-10-01T02:05:20;7
8;kindly scary;of flood poorly;besides astride anti;gee;decongestant simple;diligently;../fake-data/blob/hipster.txt;19096;5202;less;19232.61;MALE;true;true;true;2.2;15808;18506;2026-09-30T22:42:25;2026-10-01T08:44:34;8
9;encouragement;lay firsthand loosely;blah till;although w;ill-fated cap;than bravely;../fake-data/blob/hipster.txt;28917;21210;woot why;4638.71;MALE;true;false;false;2.98;25100;31140;2026-09-30T15:23:28;2026-09-30T12:10:44;9
10;cautiously castanet;meanwhile babushka kookily;facilitate ugh;openly qua;pillbox;yet tenderly sure-footed;../fake-data/blob/hipster.txt;10396;24300;ill-fated ;23538.79;OTHER;false;false;true;2.79;6421;17557;2026-09-30T18:15:07;2026-10-01T06:13:22;10
