id;flag_key;enabled;rollout_percent;city_ids;updated_at
1;terribly;true;4;than surface;2026-09-30T11:29:47
2;agreeable daily;false;1;owlishly solidly glider;2026-09-30T13:38:45
3;mortise fooey writ;true;30;see entrench stage;2026-10-01T02:52:32
4;fooey how;false;48;so behind gah;2026-09-30T14:03:34
5;dress gah continually;true;94;lest bob yum;2026-09-30T16:23:52
6;vet chairperson;false;72;restfully consequently;2026-09-30T17:11:35
7;soap;true;55;revoke tinderbox;2026-09-30T18:53:00
8;fully fooey worst;false;12;boohoo meh;2026-09-30T18:45:00
9;always athwart unto;true;62;captain owlishly;2026-10-01T06:42:33
10;gadzooks obedience worthless;false;58;before wedge;2026-09-30T21:52:30
