id;points;reason;expires_at;created_at;user_id
1;22155;REDEEM;2026-10-01;2026-09-30T09:57:46;1
2;4222;EXPIRE;2026-10-01;2026-10-01T04:33:22;2
3;23492;REDEEM;2026-10-01;2026-10-01T06:52:10;1
4;2444;EXPIRE;2026-10-01;2026-09-30T21:56:05;2
5;17841;REDEEM;2026-09-30;2026-10-01T00:25:31;2
6;6573;EXPIRE;2026-10-01;2026-10-01T04:47:23;1
7;29272;BONUS;2026-10-01;2026-10-01T05:55:12;1
8;23132;EXPIRE;2026-09-30;2026-09-30T15:15:04;1
9;16122;BONUS;2026-09-30;2026-10-01T05:55:33;1
10;6452;BONUS;2026-09-30;2026-09-30T09:53:24;1
