id;name;price;duration_days;discount_percent;free_visit_charge;priority_support;active
1;as brr true;1953.79;23236;22.73;true;false;false
2;who blah;30562.09;3614;43.03;false;false;true
3;stunning before giving;20061.3;3370;50.59;true;true;false
4;remand aw if;433.85;27766;7.72;false;false;true
5;yuck;13349.37;10175;80.06;false;true;false
6;gee;17541.45;1214;46.78;false;true;false
7;arcade misfire devil;4354.02;7422;63.35;false;false;true
8;pigpen eek afraid;26871.28;10596;77.09;false;false;false
9;doubtfully innocently;18326.24;2363;84.48;false;false;false
10;less;8700.77;32690;25.29;true;true;false
