id;amount;status;bank_reference;period_start;period_end;created_at;paid_at;professional_id
1;10770.83;FAILED;for;2026-09-30;2026-10-01;2026-10-01T04:33:02;2026-10-01T09:16:17;1
2;5150.28;PAID;prohibition clavicle;2026-09-30;2026-09-30;2026-09-30T10:46:56;2026-09-30T12:46:40;2
3;31943.58;PAID;since powerfully deafening;2026-10-01;2026-10-01;2026-10-01T03:12:24;2026-09-30T23:37:43;2
4;19089.49;PAID;negative quit;2026-10-01;2026-09-30;2026-10-01T02:29:42;2026-09-30T10:35:28;2
5;18499.73;PAID;properly boss aside;2026-10-01;2026-10-01;2026-10-01T09:16:23;2026-09-30T14:11:18;1
6;858.92;FAILED;why fooey unto;2026-10-01;2026-09-30;2026-09-30T20:26:57;2026-09-30T11:21:00;2
7;21769.78;FAILED;rosy;2026-09-30;2026-10-01;2026-10-01T00:46:34;2026-09-30T16:38:12;2
8;14012.63;PENDING;amongst secondary emphasise;2026-09-30;2026-10-01;2026-09-30T10:20:56;2026-09-30T23:04:09;1
9;15113.85;FAILED;wherever rough;2026-09-30;2026-09-30;2026-09-30T13:05:56;2026-09-30T15:12:05;2
10;27779.21;PENDING;questionable;2026-10-01;2026-09-30;2026-09-30T09:46:15;2026-10-01T04:52:28;1
