id;code;name;min_rating;min_jobs;commission_percent;dispatch_priority
1;windy apropos arroga;bare;2.97;14563;66.29;22224
2;underachieve;impossible lovingly hmph;4.75;6041;20.71;24808
3;laughter fun drat;speedy;4.88;29760;37.19;21283
4;revere quit gentle;frightened provided structure;4.9;11720;14.03;348
5;entomb as witty;screw narrowcast before;3.95;3088;9.41;23949
6;thigh yet when;bah sock;0.93;26290;4.9;29475
7;next over;filter;2.38;5897;70.69;10869
8;down sediment;whether;4.81;19608;3.37;21013
9;eek geez;zany actually;3.66;4555;93.98;13260
10;unless;aha;1.58;3567;43.46;22881
