id;professional_id;booking_ref;latitude;longitude;speed_kmph;battery_pct;recorded_at
1;22583;robust though around;27977.25;14823.01;759.86;70;2026-09-30T18:03:49
2;19748;meh coaxingly;30254.93;32192.52;18498.02;93;2026-09-30T14:42:33
3;4355;beep whether lest;21069.9;11387.15;7065.5;50;2026-09-30T10:46:59
4;4000;mortise shrilly;9945.5;26634.28;6203.01;59;2026-10-01T01:01:19
5;13469;finer whoever needy;28525.12;20094.18;9406.64;29;2026-10-01T05:37:50
6;5427;maestro compromise;23676.82;17368.69;28587.73;17;2026-09-30T09:49:51
7;32462;yum er;26951.69;115.28;14969.42;53;2026-10-01T07:32:48
8;1338;reference while inquisitively;13867.28;19385.46;29440.51;59;2026-09-30T18:25:13
9;19994;lest ouch;14772.93;20530.19;28827.48;48;2026-09-30T18:27:00
10;2290;fervently whose bathrobe;22896.32;12113.29;27363.5;59;2026-10-01T06:06:16
