id;amount;reason;status;gateway_refund_id;created_at;payment_id;booking_id
1;28639.37;considering excepting;PROCESSED;weight mmm though;2026-09-30T17:11:07;1;1
2;13958.38;unwilling a hornet;PROCESSED;slope ouch;2026-10-01T01:28:34;2;2
3;12240.85;makeover down;FAILED;egg platypus;2026-09-30T21:30:15;3;3
4;8515.34;suitcase beside round;INITIATED;planula over;2026-09-30T17:33:21;4;4
5;7186.58;usefully rue obedient;INITIATED;order;2026-10-01T00:41:17;5;5
6;10882.94;more;PROCESSED;terraform;2026-09-30T09:26:03;6;6
7;12111.09;sans impostor part;FAILED;meh;2026-09-30T22:19:03;7;7
8;2851.33;lest partial unibody;PROCESSED;oh victorious however;2026-09-30T20:12:49;8;8
9;25880.61;yeast likewise sand;PROCESSED;unfortunately who;2026-09-30T18:12:38;9;9
10;29735.91;aw whereas;FAILED;characterization;2026-10-01T01:26:42;10;10
