id;rating;review_text;tags;visible;created_at;booking_id;customer_id;professional_id;service_id
1;1;nectarine zowie slimy;glimmer overconfidently;false;2026-09-30T09:21:01;1;1;1;1
2;2;finally concrete;junior;true;2026-09-30T15:11:13;2;2;2;2
3;3;verbally far-flung but;boo;false;2026-09-30T12:09:40;3;1;2;3
4;5;what whistle;quaintly quirkily;false;2026-09-30T18:04:45;4;1;2;4
5;3;stitcher mid jogging;oddly industrialize;true;2026-09-30T11:22:18;5;2;2;5
6;4;relative;alive;true;2026-10-01T03:37:33;6;2;2;6
7;2;oh although;potentially beloved ignorant;false;2026-09-30T23:11:49;7;1;2;7
8;4;deploy;worth fond brr;false;2026-09-30T15:39:46;8;1;2;8
9;1;past march what;majestically unlike considering;false;2026-10-01T02:45:52;9;1;1;9
10;4;dulcimer;pish;true;2026-10-01T00:34:03;10;2;2;10
