id;latitude;longitude;status;created_at;resolved_at;raised_by_id;booking_id
1;27645.01;17676.73;RESOLVED;2026-09-30T23:31:45;2026-09-30T20:14:46;1;1
2;1437.85;13806.51;OPEN;2026-09-30T12:57:15;2026-10-01T01:01:55;2;2
3;5935.1;24968.19;RESOLVED;2026-10-01T05:59:53;2026-10-01T08:18:43;2;3
4;12751.85;15388.43;RESOLVED;2026-10-01T05:41:16;2026-09-30T13:33:06;1;4
5;27945.06;8972.69;RESOLVED;2026-09-30T21:05:02;2026-10-01T00:17:24;1;5
6;27087.9;8069.29;OPEN;2026-09-30T14:14:47;2026-09-30T18:53:27;1;6
7;15712.77;16534.44;RESOLVED;2026-09-30T14:08:46;2026-09-30T16:05:14;1;7
8;8850.78;21219.28;OPEN;2026-10-01T01:36:46;2026-09-30T21:11:30;1;8
9;10003.73;24833.95;ACKNOWLEDGED;2026-09-30T11:36:19;2026-09-30T13:18:43;1;9
10;26088.33;27669.19;ACKNOWLEDGED;2026-09-30T11:01:35;2026-10-01T06:48:35;1;10
