id;starts_at;ends_at;status;user_id;plan_id
1;2026-10-01T05:02:13;2026-09-30T18:57:51;ACTIVE;1;1
2;2026-09-30T18:46:50;2026-09-30T21:28:54;EXPIRED;2;2
3;2026-10-01T02:48:34;2026-09-30T20:02:40;EXPIRED;1;3
4;2026-10-01T07:36:42;2026-09-30T22:48:53;CANCELLED;1;4
5;2026-10-01T02:54:34;2026-09-30T12:53:29;CANCELLED;2;5
6;2026-09-30T14:25:42;2026-10-01T03:02:56;ACTIVE;2;6
7;2026-09-30T15:31:10;2026-09-30T23:20:02;CANCELLED;2;7
8;2026-09-30T10:25:59;2026-09-30T21:41:05;CANCELLED;1;8
9;2026-10-01T00:27:15;2026-09-30T15:59:56;ACTIVE;2;9
10;2026-10-01T09:07:52;2026-09-30T10:41:52;CANCELLED;2;10
